"Id","Position","First Name","Nickname","Last Name","FPPG","Played","Salary","Game","Team","Opponent","Injury Indicator","Injury Details","Probable Pitcher","Batting Order"
"20290-12477","P","Chris","Chris Sale","Sale","52.904761904761905","21","11800","CLE@BOS","BOS","CLE","","","",""
"20290-13627","P","Corey","Corey Kluber","Kluber","47.76470588235294","17","11700","CLE@BOS","CLE","BOS","","","",""
"20290-5481","P","Max","Max Scherzer","Scherzer","51","21","11600","WAS@MIA","WAS","MIA","","","",""
"20290-10978","P","Stephen","Stephen Strasburg","Strasburg","38.4","20","10200","WAS@MIA","WAS","MIA","DL","Elbow","",""
"20290-6311","P","Madison","Madison Bumgarner","Bumgarner","35.375","8","10100","SFG@OAK","SFG","OAK","","","",""
"20290-60644","P","Luis","Luis Severino","Severino","39.15","20","10100","DET@NYY","NYY","DET","","","Yes",""
"20290-23089","P","Dallas","Dallas Keuchel","Keuchel","40.916666666666664","12","10100","TAM@HOU","HOU","TAM","","","",""
"20290-12921","P","Chris","Chris Archer","Archer","39.95454545454545","22","9900","TAM@HOU","TAM","HOU","","","",""
"20290-21098","P","James","James Paxton","Paxton","39.5","18","9600","SEA@TEX","SEA","TEX","","","",""
"20290-5784","P","David","David Price","Price","32.81818181818182","11","9500","CLE@BOS","BOS","CLE","DL","Elbow","",""
"20290-17064","P","Sonny","Sonny Gray","Gray","33.875","16","9500","SFG@OAK","OAK","SFG","","","Yes",""
"20290-6266","P","Carlos","Carlos Carrasco","Carrasco","37","20","9400","CLE@BOS","CLE","BOS","","","",""
"20290-16931","P","Yu","Yu Darvish","Darvish","34.90909090909091","22","9400","SEA@TEX","TEX","SEA","","","",""
"20290-68520","P","Michael","Michael Fulmer","Fulmer","33.3","20","9200","DET@NYY","DET","NYY","","","Yes",""
"20290-52268","P","Masahiro","Masahiro Tanaka","Tanaka","30.904761904761905","21","9100","DET@NYY","NYY","DET","","","",""
"20290-6149","P","Jeff","Jeff Samardzija","Samardzija","29.291666666666668","24","8800","SFG@OAK","SFG","OAK","","","",""
"20290-5202","P","Justin","Justin Verlander","Verlander","30.454545454545453","22","8800","DET@NYY","DET","NYY","","","",""
"20290-5466","P","Charlie","Charlie Morton","Morton","34.714285714285715","14","8800","TAM@HOU","HOU","TAM","","","Yes",""
"20290-13444","P","Mike","Mike Fiers","Fiers","29.38095238095238","21","8700","TAM@HOU","HOU","TAM","","","",""
"20290-5320","P","Gio","Gio Gonzalez","Gonzalez","36.666666666666664","21","8700","WAS@MIA","WAS","MIA","","","Yes",""
"20290-5525","P","Cole","Cole Hamels","Hamels","27.181818181818183","11","8600","SEA@TEX","TEX","SEA","","","Yes",""
"20290-15234","P","Brad","Brad Peacock","Peacock","22.25","24","8600","TAM@HOU","HOU","TAM","","","",""
"20290-39041","P","Marcus","Marcus Stroman","Stroman","31.636363636363637","22","8500","TOR@CWS","TOR","CWS","","","",""
"20290-21118","P","Danny","Danny Salazar","Salazar","30.142857142857142","14","8500","CLE@BOS","CLE","BOS","","","",""
"20290-13438","P","Drew","Drew Pomeranz","Pomeranz","31.80952380952381","21","8400","CLE@BOS","BOS","CLE","","","",""
"20290-5498","P","Johnny","Johnny Cueto","Cueto","29.210526315789473","19","8400","SFG@OAK","SFG","OAK","DL","Finger","",""
"20290-79259","P","Jake","Jake Faria","Faria","36","10","8400","TAM@HOU","TAM","HOU","","","",""
"20290-5661","P","Felix","Felix Hernandez","Hernandez","29.833333333333332","12","8300","SEA@TEX","SEA","TEX","","","Yes",""
"20290-52873","P","Joe","Joe Ross","Ross","18","20","8300","WAS@MIA","WAS","MIA","DL","Elbow","",""
"20290-52165","P","Sean","Sean Manaea","Manaea","32.26315789473684","19","8300","SFG@OAK","OAK","SFG","","","",""
"20290-13268","P","Danny","Danny Duffy","Duffy","31.375","16","8300","KAN@BAL","KAN","BAL","","","Yes",""
"20290-38000","P","Kevin","Kevin Gausman","Gausman","24.434782608695652","23","8200","KAN@BAL","BAL","KAN","","","",""
"20290-5659","P","Rick","Rick Porcello","Porcello","30.272727272727273","22","8200","CLE@BOS","BOS","CLE","","","",""
"20290-38183","P","Nate","Nate Karns","Karns","27.77777777777778","9","8100","KAN@BAL","KAN","BAL","DL","Forearm","",""
"20290-71184","P","Ariel","Ariel Miranda","Miranda","25.318181818181817","22","8100","SEA@TEX","SEA","TEX","","","",""
"20290-52159","P","Lance","Lance McCullers Jr.","McCullers Jr.","32.1578947368421","19","8100","TAM@HOU","HOU","TAM","","","",""
"20290-12455","P","Josh","Josh Tomlin","Tomlin","23.45","20","8000","CLE@BOS","CLE","BOS","DTD","Hamstring","",""
"20290-5599","P","Trevor","Trevor Cahill","Cahill","30.583333333333332","12","8000","KAN@BAL","KAN","BAL","","","",""
"20290-52142","P","Eduardo","Eduardo Rodriguez","Rodriguez","30.428571428571427","14","8000","CLE@BOS","BOS","CLE","","","",""
"20290-16959","P","Trevor","Trevor Bauer","Bauer","28.1","20","7900","CLE@BOS","CLE","BOS","","","",""
"20290-13123","P","Alex","Alex Cobb","Cobb","29.857142857142858","21","7800","TAM@HOU","TAM","HOU","","","Yes",""
"20290-70559","P","Mike","Mike Clevinger","Clevinger","30.285714285714285","14","7800","CLE@BOS","CLE","BOS","","","Yes",""
"20290-38101","P","Tanner","Tanner Roark","Roark","26.523809523809526","21","7700","WAS@MIA","WAS","MIA","","","",""
"20290-11088","P","Jaime","Jaime Garcia","Garcia","28.31578947368421","19","7700","DET@NYY","NYY","DET","","","",""
"20290-6200","P","Jason","Jason Vargas","Vargas","31.4","20","7600","KAN@BAL","KAN","BAL","","","",""
"20290-16919","P","Hisashi","Hisashi Iwakuma","Iwakuma","17.333333333333332","6","7600","SEA@TEX","SEA","TEX","DL","Shoulder","",""
"20290-23409","P","Dan","Dan Straily","Straily","28.40909090909091","22","7600","WAS@MIA","MIA","WAS","","","",""
"20290-8101","P","Ian","Ian Kennedy","Kennedy","25.68421052631579","19","7600","KAN@BAL","KAN","BAL","","","",""
"20290-38148","P","Steven","Steven Wright","Wright","11","5","7500","CLE@BOS","BOS","CLE","DL","Knee","",""
"20290-38306","P","Adam","Adam Conley","Conley","22.2","10","7500","WAS@MIA","MIA","WAS","","","",""
"20290-16922","P","Wei-Yin","Wei-Yin Chen","Chen","25.2","5","7500","WAS@MIA","MIA","WAS","DL","Elbow","",""
"20290-12946","P","Matt","Matt Moore","Moore","22.952380952380953","21","7500","SFG@OAK","SFG","OAK","","","",""
"20290-52194","P","Aaron","Aaron Sanchez","Sanchez","18.375","8","7500","TOR@CWS","TOR","CWS","DL","Finger","",""
"20290-79853","P","Jordan","Jordan Montgomery","Montgomery","28.25","20","7500","DET@NYY","NYY","DET","","","",""
"20290-17116","P","Jake","Jake Odorizzi","Odorizzi","25.166666666666668","18","7400","TAM@HOU","TAM","HOU","DL","Back","",""
"20290-23834","P","Collin","Collin McHugh","McHugh","27","2","7300","TAM@HOU","HOU","TAM","","","",""
"20290-21919","P","Matt","Matt Andriese","Andriese","27.166666666666668","12","7300","TAM@HOU","TAM","HOU","DL","Hip","",""
"20290-53070","P","Christian","Christian Bergman","Bergman","20.11111111111111","9","7300","SEA@TEX","SEA","TEX","","","",""
"20290-68529","P","Jharel","Jharel Cotton","Cotton","23.733333333333334","15","7300","SFG@OAK","OAK","SFG","","","",""
"20290-73835","P","Ty","Ty Blach","Blach","15.62962962962963","27","7200","SFG@OAK","SFG","OAK","","","",""
"20290-5547","P","CC","CC Sabathia","Sabathia","27.647058823529413","17","7200","DET@NYY","NYY","DET","","","",""
"20290-6206","P","Edinson","Edinson Volquez","Volquez","25.823529411764707","17","7100","WAS@MIA","MIA","WAS","DL","Knee","",""
"20290-23093","P","A.J.","A.J. Griffin","Griffin","22.875","8","7100","SEA@TEX","TEX","SEA","DL","Oblique","",""
"20290-16957","P","Dylan","Dylan Bundy","Bundy","28","20","7100","KAN@BAL","BAL","KAN","","","",""
"20290-58434","P","Kendall","Kendall Graveman","Graveman","26.125","8","7000","SFG@OAK","OAK","SFG","DL","Shoulder","",""
"20290-60633","P","Carlos","Carlos Rodon","Rodon","28.833333333333332","6","7000","TOR@CWS","CWS","TOR","","","",""
"20290-80461","P","Ryne","Ryne Harper","Harper","0","0","7000","SEA@TEX","SEA","TEX","","","",""
"20290-5258","P","Jason","Jason Hammel","Hammel","24.666666666666668","21","6900","KAN@BAL","KAN","BAL","","","",""
"20290-6320","P","Marco","Marco Estrada","Estrada","26.761904761904763","21","6900","TOR@CWS","TOR","CWS","","","Yes",""
"20290-5767","P","J.A.","J.A. Happ","Happ","27.285714285714285","14","6900","TOR@CWS","TOR","CWS","","","",""
"20290-80859","P","Paul","Paul Blackburn","Blackburn","26","5","6900","SFG@OAK","OAK","SFG","","","",""
"20290-12269","P","Andrew","Andrew Cashner","Cashner","24.647058823529413","17","6900","SEA@TEX","TEX","SEA","","","",""
"20290-68523","P","Joe","Joe Musgrove","Musgrove","19.166666666666668","18","6800","TAM@HOU","HOU","TAM","","","",""
"20290-6151","P","Anibal","Anibal Sanchez","Sanchez","13.777777777777779","18","6700","DET@NYY","DET","NYY","","","",""
"20290-80569","P","Daniel","Daniel Gossett","Gossett","19.77777777777778","9","6700","SFG@OAK","OAK","SFG","","","",""
"20290-10968","P","Jeremy","Jeremy Hellickson","Hellickson","21.15","20","6700","KAN@BAL","BAL","KAN","","","",""
"20290-11317","P","Tyson","Tyson Ross","Ross","16.142857142857142","7","6600","SEA@TEX","TEX","SEA","DL","Finger","",""
"20290-11328","P","Martin","Martin Perez","Perez","21.65","20","6600","SEA@TEX","TEX","SEA","","","",""
"20290-80344","P","Sam","Sam Gaviglio","Gaviglio","20.416666666666668","12","6600","SEA@TEX","SEA","TEX","","","",""
"20290-5762","P","Francisco","Francisco Liriano","Liriano","20.22222222222222","18","6600","TOR@CWS","TOR","CWS","","","",""
"20290-63136","P","Matthew","Matthew Boyd","Boyd","22.357142857142858","14","6600","DET@NYY","DET","NYY","","","",""
"20290-68527","P","Jose","Jose De Leon","De Leon","11","1","6600","TAM@HOU","TAM","HOU","DL","Back","",""
"20290-5085","P","Ubaldo","Ubaldo Jimenez","Jimenez","17.714285714285715","21","6600","KAN@BAL","BAL","KAN","","","Yes",""
"20290-52195","P","Daniel","Daniel Norris","Norris","24.375","16","6600","DET@NYY","DET","NYY","DL","Groin","",""
"20290-63476","P","Brian","Brian Johnson","Johnson","25","5","6600","CLE@BOS","BOS","CLE","DTD","Shoulder","",""
"20290-68653","P","Luis","Luis Cessa","Cessa","13.222222222222221","9","6500","DET@NYY","NYY","DET","","","",""
"20290-6234","P","Jordan","Jordan Zimmermann","Zimmermann","21.15","20","6500","DET@NYY","DET","NYY","","","",""
"20290-79140","P","Eric","Eric Skoglund","Skoglund","15","3","6500","KAN@BAL","KAN","BAL","","","",""
"20290-81014","P","Chris","Chris O'Grady","O'Grady","29.5","4","6400","WAS@MIA","MIA","WAS","","","",""
"20290-79252","P","Andrew","Andrew Moore","Moore","17.833333333333332","6","6400","SEA@TEX","SEA","TEX","","","",""
"20290-52196","P","A.J.","A.J. Cole","Cole","31","1","6400","WAS@MIA","WAS","MIA","","","",""
"20290-80318","P","Austin","Austin Bibens-Dirkx","Bibens-Dirkx","13.692307692307692","13","6300","SEA@TEX","TEX","SEA","","","",""
"20290-5125","P","Edwin","Edwin Jackson","Jackson","14.857142857142858","7","6200","WAS@MIA","WAS","MIA","","","",""
"20290-53608","P","Jose","Jose Urena","Urena","19.083333333333332","24","6200","WAS@MIA","MIA","WAS","","","Yes",""
"20290-5962","P","Miguel","Miguel Gonzalez","Gonzalez","23.5625","16","6200","TOR@CWS","CWS","TOR","","","",""
"20290-53067","P","Chris","Chris Bassitt","Bassitt","20.8","5","6200","SFG@OAK","OAK","SFG","","","",""
"20290-68488","P","Blake","Blake Snell","Snell","21.153846153846153","13","6200","TAM@HOU","TAM","HOU","","","",""
"20290-70573","P","Ryan","Ryan Merritt","Merritt","7.5","2","6200","CLE@BOS","CLE","BOS","","","",""
"20290-5686","P","Chris","Chris Tillman","Tillman","14.071428571428571","14","6100","KAN@BAL","BAL","KAN","","","",""
"20290-53001","P","Roenis","Roenis Elias","Elias","-0.3333333333333333","3","6100","CLE@BOS","BOS","CLE","DL","Ribs","",""
"20290-79147","P","Jake","Jake Junis","Junis","17.555555555555557","9","6000","KAN@BAL","KAN","BAL","","","",""
"20290-53599","P","Chi Chi","Chi Chi Gonzalez","Gonzalez","7.333333333333333","3","6000","SEA@TEX","TEX","SEA","DL","Elbow","",""
"20290-57717","P","Buck","Buck Farmer","Farmer","25","4","6000","DET@NYY","DET","NYY","","","",""
"20290-5574","P","Mat","Mat Latos","Latos","15.333333333333334","3","6000","TOR@CWS","TOR","CWS","","","",""
"20290-5615","P","James","James Shields","Shields","18.7","10","6000","TOR@CWS","CWS","TOR","","","Yes",""
"20290-53043","P","Jesse","Jesse Hahn","Hahn","20.928571428571427","14","6000","SFG@OAK","OAK","SFG","","","",""
"20290-68528","P","Chase","Chase De Jong","De Jong","9.714285714285714","7","6000","SEA@TEX","SEA","TEX","","","",""
"20290-52190","P","Marco","Marco Gonzales","Gonzales","1","1","6000","SEA@TEX","SEA","TEX","","","",""
"20290-6169","P","Chris","Chris Smith","Smith","23.25","4","5900","SFG@OAK","OAK","SFG","","","",""
"20290-5764","P","Derek","Derek Holland","Holland","22.15","20","5900","TOR@CWS","CWS","TOR","","","",""
"20290-5789","P","Matt","Matt Cain","Cain","16.9","20","5900","SFG@OAK","SFG","OAK","","","Yes",""
"20290-12972","P","Wade","Wade Miley","Miley","21","22","5900","KAN@BAL","BAL","KAN","","","",""
"20290-5440","P","Yovani","Yovani Gallardo","Gallardo","19.05","20","5800","SEA@TEX","SEA","TEX","","","",""
"20290-72376","P","Rob","Rob Whalen","Whalen","6.5","2","5800","SEA@TEX","SEA","TEX","DTD","Personal","",""
"20290-68479","P","Gabriel","Gabriel Ynoa","Ynoa","15.5","4","5800","KAN@BAL","BAL","KAN","","","",""
"20290-70634","P","Daniel","Daniel Mengden","Mengden","3","2","5800","SFG@OAK","OAK","SFG","DTD","Ribs","",""
"20290-79937","P","Cesar","Cesar Valdez","Valdez","9.2","10","5700","TOR@CWS","TOR","CWS","","","",""
"20290-39107","P","Justin","Justin Nicolino","Nicolino","11.833333333333334","6","5700","WAS@MIA","MIA","WAS","","","",""
"20290-53590","P","Nick","Nick Martinez","Martinez","18.357142857142858","14","5700","SEA@TEX","TEX","SEA","","","",""
"20290-80381","P","Hector","Hector Velazquez","Velazquez","19.25","4","5700","CLE@BOS","BOS","CLE","","","",""
"20290-68468","P","Tyler","Tyler Danish","Danish","39","1","5700","TOR@CWS","CWS","TOR","","","",""
"20290-73870","P","Raul","Raul Alcantara","Alcantara","-4","3","5600","SFG@OAK","OAK","SFG","DTD","Biceps","",""
"20290-12468","P","Lucas","Lucas Harrell","Harrell","5.5","4","5600","TOR@CWS","TOR","CWS","","","",""
"20290-5596","P","Doug","Doug Fister","Fister","11.428571428571429","7","5600","CLE@BOS","BOS","CLE","","","Yes",""
"20290-71187","P","Jayson","Jayson Aquino","Aquino","14","4","5600","KAN@BAL","BAL","KAN","","","",""
"20290-68370","P","Tony","Tony Barnette","Barnette","6.071428571428571","28","5600","SEA@TEX","TEX","SEA","","","",""
"20290-79873","P","Dylan","Dylan Covey","Covey","9.625","8","5500","TOR@CWS","CWS","TOR","DL","Oblique","",""
"20290-79882","P","Austin","Austin Pruitt","Pruitt","8.05","20","5500","TAM@HOU","TAM","HOU","","","",""
"20290-79888","P","Ben","Ben Taylor","Taylor","5.428571428571429","14","5500","CLE@BOS","BOS","CLE","DL","Oblique","",""
"20290-79901","P","Justin","Justin Haley","Haley","6","10","5500","CLE@BOS","BOS","CLE","DTD","Shoulder","",""
"20290-79903","P","Glenn","Glenn Sparkman","Sparkman","-7.5","2","5500","KAN@BAL","KAN","BAL","DL","Undisclosed","",""
"20290-68641","P","Daniel","Daniel Stumpf","Stumpf","3.6666666666666665","27","5500","DET@NYY","DET","NYY","","","",""
"20290-79917","P","Casey","Casey Lawrence","Lawrence","8.636363636363637","11","5500","SEA@TEX","SEA","TEX","","","",""
"20290-68661","P","Joe","Joe Biagini","Biagini","10.428571428571429","35","5500","TOR@CWS","TOR","CWS","","","",""
"20290-79927","P","Stefan","Stefan Crichton","Crichton","3.5","8","5500","KAN@BAL","BAL","KAN","","","",""
"20290-11325","P","Sean","Sean Doolittle","Doolittle","5.714285714285714","28","5500","WAS@MIA","WAS","MIA","","","",""
"20290-21565","P","Ryan","Ryan Buchter","Buchter","5.431818181818182","44","5500","KAN@BAL","KAN","BAL","","","",""
"20290-11327","P","Matt","Matt Bush","Bush","5.55","40","5500","SEA@TEX","TEX","SEA","","","",""
"20290-11329","P","Tanner","Tanner Scheppers","Scheppers","3.6","5","5500","SEA@TEX","TEX","SEA","","","",""
"20290-58433","P","Dario","Dario Alvarez","Alvarez","4.85","20","5500","SEA@TEX","TEX","SEA","","","",""
"20290-11333","P","Craig","Craig Kimbrel","Kimbrel","8.69047619047619","42","5500","CLE@BOS","BOS","CLE","","","",""
"20290-38981","P","Brandon","Brandon Workman","Workman","7.8","10","5500","CLE@BOS","BOS","CLE","","","",""
"20290-38982","P","Noe","Noe Ramirez","Ramirez","10","2","5500","CLE@BOS","BOS","CLE","","","",""
"20290-13383","P","Neil","Neil Ramirez","Ramirez","5.206896551724138","29","5500","WAS@MIA","WAS","MIA","","","",""
"20290-23626","P","Will","Will Harris","Harris","5.882352941176471","34","5500","TAM@HOU","HOU","TAM","DL","Shoulder","",""
"20290-13399","P","Zach","Zach McAllister","McAllister","7.588235294117647","34","5500","CLE@BOS","CLE","BOS","","","",""
"20290-79960","P","Paul","Paul Fry","Fry","0","0","5500","KAN@BAL","BAL","KAN","DL","Undisclosed","",""
"20290-13403","P","George","George Kontos","Kontos","5.083333333333333","48","5500","SFG@OAK","SFG","OAK","","","",""
"20290-73828","P","Dan","Dan Altavilla","Altavilla","5.137931034482759","29","5500","SEA@TEX","SEA","TEX","","","",""
"20290-13415","P","Tom","Tom Koehler","Koehler","13.833333333333334","12","5500","WAS@MIA","MIA","WAS","","","",""
"20290-13418","P","Alex","Alex Wilson","Wilson","3.4318181818181817","44","5500","DET@NYY","DET","NYY","","","",""
"20290-73836","P","Juan","Juan Minaya","Minaya","7.470588235294118","17","5500","TOR@CWS","CWS","TOR","","","",""
"20290-5230","P","Joe","Joe Smith","Smith","6.2894736842105265","38","5500","TOR@CWS","TOR","CWS","","","",""
"20290-5231","P","Tony","Tony Sipp","Sipp","3.324324324324324","37","5500","TAM@HOU","HOU","TAM","","","",""
"20290-38001","P","Matt","Matt Barnes","Barnes","6.1875","48","5500","CLE@BOS","BOS","CLE","","","",""
"20290-79992","P","Chad","Chad Bell","Bell","7.714285714285714","14","5500","DET@NYY","DET","NYY","","","",""
"20290-5251","P","Boone","Boone Logan","Logan","3.1578947368421053","38","5500","CLE@BOS","CLE","BOS","DL","Shoulder","",""
"20290-39043","P","Tyler","Tyler Wilson","Wilson","5.888888888888889","9","5500","KAN@BAL","BAL","KAN","","","",""
"20290-54403","P","Trevor","Trevor Gott","Gott","-1.5","4","5500","WAS@MIA","WAS","MIA","","","",""
"20290-73863","P","Matt","Matt Dermody","Dermody","1.25","4","5500","TOR@CWS","TOR","CWS","","","",""
"20290-73862","P","Robby","Robby Scott","Scott","2.8292682926829267","41","5500","CLE@BOS","BOS","CLE","","","",""
"20290-73865","P","Jonathan","Jonathan Holder","Holder","5.303030303030303","33","5500","DET@NYY","NYY","DET","","","",""
"20290-13458","P","Nate","Nate Jones","Jones","7","11","5500","TOR@CWS","CWS","TOR","DL","Elbow","",""
"20290-73877","P","Kevin","Kevin McCarthy","McCarthy","4.875","16","5500","KAN@BAL","KAN","BAL","","","",""
"20290-81044","P","Austin","Austin Adams","Adams","-3","1","5500","WAS@MIA","WAS","MIA","","","",""
"20290-12442","P","Vance","Vance Worley","Worley","8.285714285714286","14","5500","WAS@MIA","MIA","WAS","","","",""
"20290-81051","P","Caleb","Caleb Smith","Smith","13","3","5500","DET@NYY","NYY","DET","","","",""
"20290-38043","P","Enny","Enny Romero","Romero","5.909090909090909","44","5500","WAS@MIA","WAS","MIA","","","",""
"20290-73882","P","Joely","Joely Rodriguez","Rodriguez","3.111111111111111","27","5500","SEA@TEX","TEX","SEA","","","",""
"20290-81052","P","Andrew","Andrew Kittredge","Kittredge","4","4","5500","TAM@HOU","TAM","HOU","","","",""
"20290-80033","P","Emilio","Emilio Pagan","Pagan","13.2","10","5500","SEA@TEX","SEA","TEX","","","",""
"20290-80035","P","Bobby","Bobby Wahl","Wahl","5","7","5500","SFG@OAK","OAK","SFG","DL","Shoulder","",""
"20290-6307","P","John","John Axford","Axford","3.6818181818181817","22","5500","SFG@OAK","OAK","SFG","","","",""
"20290-80034","P","Jose","Jose Alvarado","Alvarado","2.9047619047619047","21","5500","TAM@HOU","TAM","HOU","","","",""
"20290-12453","P","Fernando","Fernando Abad","Abad","4.59375","32","5500","CLE@BOS","BOS","CLE","","","",""
"20290-13479","P","Joe","Joe Kelly","Kelly","5.5","34","5500","CLE@BOS","BOS","CLE","DL","Hamstring","",""
"20290-39081","P","Chasen","Chasen Shreve","Shreve","5.666666666666667","30","5500","DET@NYY","NYY","DET","","","",""
"20290-38065","P","Carson","Carson Smith","Smith","4.666666666666667","3","5500","CLE@BOS","BOS","CLE","DL","Elbow","",""
"20290-21682","P","Aaron","Aaron Loup","Loup","4.239130434782608","46","5500","TOR@CWS","TOR","CWS","","","",""
"20290-39101","P","Nick","Nick Goody","Goody","6.421052631578948","38","5500","CLE@BOS","CLE","BOS","","","",""
"20290-12481","P","Mike","Mike Minor","Minor","7.333333333333333","42","5500","KAN@BAL","KAN","BAL","","","",""
"20290-81088","P","Kyle","Kyle Martin","Martin","3.5","2","5500","CLE@BOS","BOS","CLE","","","",""
"20290-5321","P","Santiago","Santiago Casilla","Casilla","4.439024390243903","41","5500","SFG@OAK","OAK","SFG","","","",""
"20290-38122","P","Jake","Jake Petricka","Petricka","4.666666666666667","12","5500","TOR@CWS","CWS","TOR","","","",""
"20290-12523","P","Jeremy","Jeremy Jeffress","Jeffress","3.6666666666666665","39","5500","SEA@TEX","TEX","SEA","","","",""
"20290-38124","P","Nick","Nick Tepesch","Tepesch","8","1","5500","TOR@CWS","TOR","CWS","","","",""
"20290-5362","P","Darren","Darren O'Day","O'Day","5.051282051282051","39","5500","KAN@BAL","BAL","KAN","","","",""
"20290-13564","P","Chaz","Chaz Roe","Roe","1","3","5500","TAM@HOU","TAM","HOU","","","",""
"20290-38141","P","Vidal","Vidal Nuno","Nuno","2.6666666666666665","12","5500","KAN@BAL","BAL","KAN","","","",""
"20290-38142","P","Bryan","Bryan Mitchell","Mitchell","5.769230769230769","13","5500","DET@NYY","NYY","DET","","","",""
"20290-38144","P","Shane","Shane Greene","Greene","5.16","50","5500","DET@NYY","DET","NYY","","","",""
"20290-5384","P","Shawn","Shawn Kelley","Kelley","4.090909090909091","22","5500","WAS@MIA","WAS","MIA","DL","Neck","",""
"20290-72971","P","Ben","Ben Heller","Heller","11","2","5500","DET@NYY","NYY","DET","","","",""
"20290-38158","P","Seth","Seth Maness","Maness","4.375","8","5500","KAN@BAL","KAN","BAL","","","",""
"20290-38162","P","Mike","Mike Bolsinger","Bolsinger","16.5","10","5500","TOR@CWS","TOR","CWS","","","",""
"20290-53523","P","Chris","Chris Beck","Beck","4.131578947368421","38","5500","TOR@CWS","CWS","TOR","","","",""
"20290-21789","P","Bo","Bo Schultz","Schultz","3.0625","16","5500","TOR@CWS","TOR","CWS","DL","Elbow","",""
"20290-38174","P","Brandon","Brandon Maurer","Maurer","4.066666666666666","45","5500","KAN@BAL","KAN","BAL","","","",""
"20290-5411","P","Ryan","Ryan Madson","Madson","5.822222222222222","45","5500","WAS@MIA","WAS","MIA","","","",""
"20290-63781","P","Frankie","Frankie Montas","Montas","5.869565217391305","23","5500","SFG@OAK","OAK","SFG","","","",""
"20290-5426","P","Luke","Luke Gregerson","Gregerson","5.068181818181818","44","5500","TAM@HOU","HOU","TAM","","","",""
"20290-38203","P","David","David Holmberg","Holmberg","5.964285714285714","28","5500","TOR@CWS","CWS","TOR","","","",""
"20290-13637","P","Dan","Dan Jennings","Jennings","4.176470588235294","51","5500","TAM@HOU","TAM","HOU","","","",""
"20290-38217","P","Tommy","Tommy Kahnle","Kahnle","7.1395348837209305","43","5500","DET@NYY","NYY","DET","","","",""
"20290-21846","P","Chris","Chris Devenski","Devenski","9.333333333333334","42","5500","TAM@HOU","HOU","TAM","","","",""
"20290-23897","P","Tyler","Tyler Cloyd","Cloyd","12","1","5500","SEA@TEX","SEA","TEX","","","",""
"20290-38251","P","Hunter","Hunter Strickland","Strickland","4.790697674418604","43","5500","SFG@OAK","SFG","OAK","","","",""
"20290-62827","P","Michael","Michael Feliz","Feliz","6.853658536585366","41","5500","TAM@HOU","HOU","TAM","","","",""
"20290-5484","P","Blaine","Blaine Boyer","Boyer","5.75","20","5500","CLE@BOS","BOS","CLE","","","",""
"20290-12675","P","Steve","Steve Cishek","Cishek","4.64","25","5500","TAM@HOU","TAM","HOU","","","",""
"20290-38287","P","Josh","Josh Osich","Osich","4.588235294117647","34","5500","SFG@OAK","SFG","OAK","","","",""
"20290-79251","P","Max","Max Povse","Povse","2.6666666666666665","3","5500","SEA@TEX","SEA","TEX","","","",""
"20290-79258","P","Ryne","Ryne Stanek","Stanek","4","11","5500","TAM@HOU","TAM","HOU","","","",""
"20290-74147","P","Chris","Chris Smith","Smith","2.25","4","5500","TOR@CWS","TOR","CWS","","","",""
"20290-65961","P","Alec","Alec Asher","Asher","10.19047619047619","21","5500","KAN@BAL","BAL","KAN","","","",""
"20290-57770","P","Alex","Alex Claudio","Claudio","4.956521739130435","46","5500","SEA@TEX","TEX","SEA","","","",""
"20290-52673","P","Shae","Shae Simmons","Simmons","3.7142857142857144","7","5500","SEA@TEX","SEA","TEX","DL","Forearm","",""
"20290-65987","P","Domingo","Domingo German","German","10.6","5","5500","DET@NYY","NYY","DET","","","",""
"20290-5587","P","Matt","Matt Albers","Albers","6.578947368421052","38","5500","WAS@MIA","WAS","MIA","","","",""
"20290-80345","P","Reyes","Reyes Moronta","Moronta","0","0","5500","SFG@OAK","SFG","OAK","","","",""
"20290-80346","P","Giovanny","Giovanny Gallegos","Gallegos","4.444444444444445","9","5500","DET@NYY","NYY","DET","","","",""
"20290-52716","P","Cody","Cody Martin","Martin","10.555555555555555","9","5500","SEA@TEX","SEA","TEX","","","",""
"20290-53755","P","Hunter","Hunter Cervenka","Cervenka","6.666666666666667","3","5500","WAS@MIA","MIA","WAS","","","",""
"20290-52733","P","Scott","Scott Alexander","Alexander","6.9","30","5500","KAN@BAL","KAN","BAL","","","",""
"20290-53765","P","Kyle","Kyle Crockett","Crockett","-0.3333333333333333","3","5500","CLE@BOS","CLE","BOS","","","",""
"20290-62983","P","Diego","Diego Moreno","Moreno","5.2","5","5500","CLE@BOS","CLE","BOS","","","",""
"20290-71190","P","Jose","Jose Leclerc","Leclerc","6.903225806451613","31","5500","SEA@TEX","TEX","SEA","","","",""
"20290-5658","P","Joakim","Joakim Soria","Soria","5.872340425531915","47","5500","KAN@BAL","KAN","BAL","","","",""
"20290-58913","P","Daniel","Daniel Coulombe","Coulombe","4.0227272727272725","44","5500","SFG@OAK","OAK","SFG","","","",""
"20290-53801","P","James","James Pazos","Pazos","5.2926829268292686","41","5500","SEA@TEX","SEA","TEX","","","",""
"20290-64047","P","Brian","Brian Ellington","Ellington","3.6","15","5500","WAS@MIA","MIA","WAS","","","",""
"20290-5680","P","Neftali","Neftali Feliz","Feliz","3.697674418604651","43","5500","KAN@BAL","KAN","BAL","","","",""
"20290-80432","P","Jordan","Jordan Jankowski","Jankowski","5","2","5500","TAM@HOU","HOU","TAM","","","",""
"20290-5683","P","Oliver","Oliver Perez","Perez","4","33","5500","WAS@MIA","WAS","MIA","","","",""
"20290-12859","P","Al","Al Alburquerque","Alburquerque","4.090909090909091","11","5500","KAN@BAL","KAN","BAL","","","",""
"20290-12860","P","Zach","Zach Britton","Britton","4.2631578947368425","19","5500","KAN@BAL","BAL","KAN","","","",""
"20290-80446","P","Drew","Drew Steckenrider","Steckenrider","5.583333333333333","12","5500","WAS@MIA","MIA","WAS","","","",""
"20290-80458","P","Arcenio","Arcenio Leon","Leon","-0.16666666666666666","6","5500","DET@NYY","DET","NYY","","","",""
"20290-5708","P","J.P.","J.P. Howell","Howell","1.7692307692307692","13","5500","TOR@CWS","TOR","CWS","DL","Shoulder","",""
"20290-80463","P","Jason","Jason Wheeler","Wheeler","0","2","5500","KAN@BAL","BAL","KAN","","","",""
"20290-5714","P","Marc","Marc Rzepczynski","Rzepczynski","2.2564102564102564","39","5500","SEA@TEX","SEA","TEX","","","",""
"20290-16982","P","Ryan","Ryan Tepera","Tepera","6.413043478260869","46","5500","TOR@CWS","TOR","CWS","","","",""
"20290-5722","P","Brad","Brad Ziegler","Ziegler","2.3823529411764706","34","5500","WAS@MIA","MIA","WAS","","","",""
"20290-16986","P","Alex","Alex Colome","Colome","4.911111111111111","45","5500","TAM@HOU","TAM","HOU","","","",""
"20290-16991","P","Jean","Jean Machi","Machi","7.6","5","5500","TOR@CWS","CWS","TOR","","","",""
"20290-81507","P","Aaron","Aaron Bummer","Bummer","3","2","5500","TOR@CWS","CWS","TOR","","","",""
"20290-5735","P","David","David Robertson","Robertson","7.324324324324325","37","5500","DET@NYY","NYY","DET","","","",""
"20290-21096","P","Erasmo","Erasmo Ramirez","Ramirez","11.153846153846153","26","5500","SEA@TEX","SEA","TEX","","","",""
"20290-17002","P","Evan","Evan Marshall","Marshall","1.8333333333333333","6","5500","SEA@TEX","SEA","TEX","DL","Hamstring","",""
"20290-17005","P","Chase","Chase Whitley","Whitley","6.3","30","5500","TAM@HOU","TAM","HOU","","","",""
"20290-23151","P","Sam","Sam Dyson","Dyson","3.25","36","5500","SFG@OAK","SFG","OAK","","","",""
"20290-17011","P","Jumbo","Jumbo Diaz","Diaz","3.967741935483871","31","5500","TAM@HOU","TAM","HOU","","","",""
"20290-5752","P","Junichi","Junichi Tazawa","Tazawa","3.5483870967741935","31","5500","WAS@MIA","MIA","WAS","","","",""
"20290-52857","P","Kyle","Kyle Ryan","Ryan","0.625","8","5500","DET@NYY","DET","NYY","","","",""
"20290-17018","P","Robbie","Robbie Ross Jr.","Ross Jr.","4.125","8","5500","CLE@BOS","BOS","CLE","DL","Elbow","",""
"20290-12927","P","Jacob","Jacob Turner","Turner","7.555555555555555","18","5500","WAS@MIA","WAS","MIA","","","",""
"20290-17026","P","Heath","Heath Hembree","Hembree","5.319148936170213","47","5500","CLE@BOS","BOS","CLE","","","",""
"20290-42626","P","Brian","Brian Flynn","Flynn","7.111111111111111","36","5500","KAN@BAL","KAN","BAL","","","",""
"20290-70276","P","Pat","Pat Light","Light","2.0588235294117645","17","5500","SEA@TEX","SEA","TEX","","","",""
"20290-21126","P","Bruce","Bruce Rondon","Rondon","2.875","16","5500","DET@NYY","DET","NYY","","","",""
"20290-52871","P","Derek","Derek Law","Law","4.354838709677419","31","5500","SFG@OAK","SFG","OAK","","","",""
"20290-62087","P","Miguel","Miguel Castro","Castro","5","21","5500","KAN@BAL","BAL","KAN","","","",""
"20290-52874","P","Leonel","Leonel Campos","Campos","8.333333333333334","6","5500","TOR@CWS","TOR","CWS","DL","Groin","",""
"20290-17036","P","Dan","Dan Otero","Otero","4.444444444444445","36","5500","CLE@BOS","CLE","BOS","","","",""
"20290-52877","P","Dominic","Dominic Leone","Leone","6.615384615384615","39","5500","TOR@CWS","TOR","CWS","","","",""
"20290-52879","P","Ryan","Ryan Dull","Dull","4.619047619047619","21","5500","SFG@OAK","OAK","SFG","","","",""
"20290-12944","P","Simon","Simon Castro","Castro","8.4","5","5500","SFG@OAK","OAK","SFG","","","",""
"20290-17054","P","Cody","Cody Allen","Allen","5.976744186046512","43","5500","CLE@BOS","CLE","BOS","","","",""
"20290-17061","P","Tony","Tony Zych","Zych","5.351351351351352","37","5500","SEA@TEX","SEA","TEX","","","",""
"20290-17065","P","Blake","Blake Treinen","Treinen","4.133333333333334","45","5500","SFG@OAK","OAK","SFG","","","",""
"20290-72377","P","James","James Hoyt","Hoyt","6.875","32","5500","TAM@HOU","HOU","TAM","","","",""
"20290-72379","P","Danny","Danny Barnes","Barnes","6.45945945945946","37","5500","TOR@CWS","TOR","CWS","DL","Shoulder","",""
"20290-80570","P","Jimmy","Jimmy Yacabonis","Yacabonis","3.5","4","5500","KAN@BAL","BAL","KAN","","","",""
"20290-53953","P","Keone","Keone Kela","Kela","7.0625","32","5500","SEA@TEX","TEX","SEA","","","",""
"20290-17094","P","Jake","Jake Diekman","Diekman","4.545454545454546","66","5500","SEA@TEX","TEX","SEA","DL","Abdomen","",""
"20290-70345","P","Zac","Zac Curtis","Curtis","6.666666666666667","3","5500","SEA@TEX","SEA","TEX","","","",""
"20290-54989","P","Odrisamer","Odrisamer Despaigne","Despaigne","6.666666666666667","3","5500","WAS@MIA","MIA","WAS","","","",""
"20290-13010","P","David","David Phelps","Phelps","5.6875","48","5500","SEA@TEX","SEA","TEX","","","",""
"20290-17112","P","Tyler","Tyler Thornburg","Thornburg","7.029850746268656","67","5500","CLE@BOS","BOS","CLE","DL","Shoulder","",""
"20290-21210","P","Mychal","Mychal Givens","Givens","7.288888888888889","45","5500","KAN@BAL","BAL","KAN","","","",""
"20290-21211","P","Mike","Mike Wright","Wright","9.166666666666666","6","5500","KAN@BAL","BAL","KAN","","","",""
"20290-14047","P","Brad","Brad Boxberger","Boxberger","5.2727272727272725","11","5500","TAM@HOU","TAM","HOU","","","",""
"20290-14049","P","Bryan","Bryan Shaw","Shaw","4.78","50","5500","CLE@BOS","CLE","BOS","","","",""
"20290-53990","P","Shawn","Shawn Armstrong","Armstrong","5.294117647058823","17","5500","CLE@BOS","CLE","BOS","","","",""
"20290-52977","P","Ken","Ken Giles","Giles","5.375","40","5500","TAM@HOU","HOU","TAM","","","",""
"20290-62196","P","Roberto","Roberto Osuna","Osuna","6.4222222222222225","45","5500","TOR@CWS","TOR","CWS","","","",""
"20290-52986","P","Drew","Drew VerHagen","VerHagen","3","2","5500","DET@NYY","DET","NYY","","","",""
"20290-71421","P","Donnie","Donnie Hart","Hart","4.027027027027027","37","5500","KAN@BAL","BAL","KAN","","","",""
"20290-13068","P","Danny","Danny Farquhar","Farquhar","4.54054054054054","37","5500","TOR@CWS","CWS","TOR","","","",""
"20290-13077","P","Evan","Evan Scribner","Scribner","1.625","8","5500","SEA@TEX","SEA","TEX","DL","Elbow","",""
"20290-13078","P","Brad","Brad Brach","Brach","5.681818181818182","44","5500","KAN@BAL","BAL","KAN","","","",""
"20290-14103","P","Nick","Nick Vincent","Vincent","4.872340425531915","47","5500","SEA@TEX","SEA","TEX","","","",""
"20290-53017","P","Sammy","Sammy Solis","Solis","0.9090909090909091","11","5500","WAS@MIA","WAS","MIA","","","",""
"20290-53021","P","Nick","Nick Wittgren","Wittgren","5.473684210526316","38","5500","WAS@MIA","MIA","WAS","DL","Elbow","",""
"20290-53025","P","Logan","Logan Verrett","Verrett","14","4","5500","KAN@BAL","BAL","KAN","","","",""
"20290-13116","P","Jeff","Jeff Locke","Locke","12.428571428571429","7","5500","WAS@MIA","MIA","WAS","","","",""
"20290-13118","P","Justin","Justin Wilson","Wilson","6.380952380952381","42","5500","DET@NYY","DET","NYY","","","",""
"20290-70470","P","Albert","Albert Suarez","Suarez","6.333333333333333","3","5500","SFG@OAK","SFG","OAK","","","",""
"20290-5967","P","Jason","Jason Grilli","Grilli","4.029411764705882","34","5500","SEA@TEX","TEX","SEA","","","",""
"20290-13140","P","Cory","Cory Gearrin","Gearrin","6","43","5500","SFG@OAK","SFG","OAK","","","",""
"20290-62297","P","Tyler","Tyler Olson","Olson","3","2","5500","CLE@BOS","CLE","BOS","","","",""
"20290-11108","P","Aroldis","Aroldis Chapman","Chapman","6.625","32","5500","DET@NYY","NYY","DET","","","",""
"20290-70510","P","Zach","Zach Neal","Neal","5.833333333333333","6","5500","SFG@OAK","OAK","SFG","","","",""
"20290-54130","P","Ryan","Ryan Weber","Weber","8","1","5500","SEA@TEX","SEA","TEX","DL","Biceps","",""
"20290-68466","P","Steven","Steven Okert","Okert","2.1875","32","5500","SFG@OAK","SFG","OAK","","","",""
"20290-70514","P","Warwick","Warwick Saupold","Saupold","6.304347826086956","23","5500","DET@NYY","DET","NYY","","","",""
"20290-68469","P","Adam","Adam Plutko","Plutko","5.5","2","5500","CLE@BOS","CLE","BOS","","","",""
"20290-70517","P","Chad","Chad Green","Green","12.416666666666666","24","5500","DET@NYY","NYY","DET","","","",""
"20290-15225","P","Liam","Liam Hendriks","Hendriks","5.086956521739131","46","5500","SFG@OAK","OAK","SFG","","","",""
"20290-6010","P","Kyle","Kyle Kendrick","Kendrick","-1","2","5500","CLE@BOS","BOS","CLE","","","",""
"20290-13183","P","Dellin","Dellin Betances","Betances","7.2439024390243905","41","5500","DET@NYY","NYY","DET","","","",""
"20290-13184","P","Adam","Adam Warren","Warren","6.828571428571428","35","5500","DET@NYY","NYY","DET","","","",""
"20290-15242","P","Xavier","Xavier Cedeno","Cedeno","1.4285714285714286","7","5500","TAM@HOU","TAM","HOU","DL","Forearm","",""
"20290-80787","P","Austin","Austin Maddox","Maddox","5.666666666666667","3","5500","CLE@BOS","BOS","CLE","","","",""
"20290-80786","P","Ronald","Ronald Herrera","Herrera","6","2","5500","DET@NYY","NYY","DET","","","",""
"20290-80790","P","Michael","Michael Brady","Brady","7.428571428571429","7","5500","SFG@OAK","OAK","SFG","","","",""
"20290-6052","P","Dustin","Dustin McGowan","McGowan","6.682926829268292","41","5500","WAS@MIA","MIA","WAS","","","",""
"20290-6054","P","Mark","Mark Melancon","Melancon","4.318181818181818","22","5500","SFG@OAK","SFG","OAK","DL","Elbow","",""
"20290-6057","P","Andrew","Andrew Miller","Miller","8.622222222222222","45","5500","CLE@BOS","CLE","BOS","","","",""
"20290-70568","P","Dayan","Dayan Diaz","Diaz","6.6","10","5500","TAM@HOU","HOU","TAM","","","",""
"20290-70576","P","Ashur","Ashur Tolliver","Tolliver","8","3","5500","TAM@HOU","HOU","TAM","","","",""
"20290-68530","P","Jarlin","Jarlin Garcia","Garcia","3.111111111111111","45","5500","WAS@MIA","MIA","WAS","","","",""
"20290-70585","P","Richard","Richard Bleier","Bleier","5.433333333333334","30","5500","KAN@BAL","BAL","KAN","","","",""
"20290-70584","P","Ryan","Ryan Garton","Garton","4","7","5500","TAM@HOU","TAM","HOU","","","",""
"20290-64446","P","Kyle","Kyle Barraclough","Barraclough","5.574468085106383","47","5500","WAS@MIA","MIA","WAS","DL","Shoulder","",""
"20290-52163","P","Miguel","Miguel Almonte","Almonte","-1.5","2","5500","KAN@BAL","KAN","BAL","DL","Undisclosed","",""
"20290-68548","P","Edwin","Edwin Diaz","Diaz","6.395348837209302","43","5500","SEA@TEX","SEA","TEX","","","",""
"20290-68553","P","Chih-Wei","Chih-Wei Hu","Hu","12","4","5500","TAM@HOU","TAM","HOU","","","",""
"20290-5074","P","Tyler","Tyler Clippard","Clippard","4.543478260869565","46","5500","TOR@CWS","CWS","TOR","","","",""
"20290-68564","P","Erick","Erick Fedde","Fedde","6","1","5500","WAS@MIA","WAS","MIA","","","",""
"20290-71636","P","Koda","Koda Glover","Glover","3.3043478260869565","23","5500","WAS@MIA","WAS","MIA","DL","Back","",""
"20290-13270","P","Blaine","Blaine Hardy","Hardy","2.9130434782608696","23","5500","DET@NYY","DET","NYY","","","",""
"20290-62426","P","Josh","Josh Smith","Smith","4.714285714285714","21","5500","SFG@OAK","OAK","SFG","","","",""
"20290-52191","P","Kyle","Kyle Crick","Crick","5.583333333333333","12","5500","SFG@OAK","SFG","OAK","","","",""
"20290-70624","P","Chris","Chris Stratton","Stratton","7.5","4","5500","SFG@OAK","SFG","OAK","DL","Calf","",""
"20290-5091","P","Francisco","Francisco Rodriguez","Rodriguez","3.25","28","5500","WAS@MIA","WAS","MIA","","","",""
"20290-15336","P","Kelvin","Kelvin Herrera","Herrera","4.733333333333333","45","5500","KAN@BAL","KAN","BAL","","","",""
"20290-5097","P","Mike","Mike Pelfrey","Pelfrey","16.31578947368421","19","5500","TOR@CWS","CWS","TOR","","","",""
"20290-62444","P","Matt","Matt Grace","Grace","4.4","25","5500","WAS@MIA","WAS","MIA","","","",""
"20290-68592","P","Francis","Francis Martes","Martes","14.75","12","5500","TAM@HOU","HOU","TAM","","","",""
"20290-5107","P","Sergio","Sergio Romo","Romo","4.0588235294117645","34","5500","TAM@HOU","TAM","HOU","","","",""
"20290-79124","P","Joe","Joe Jimenez","Jimenez","2","5","5300","DET@NYY","DET","NYY","","","",""
"20290-12948","OF","Bryce","Bryce Harper","Harper","15.154736328125","95","4900","WAS@MIA","WAS","MIA","","","",""
"20290-12302","OF","Giancarlo","Giancarlo Stanton","Stanton","13.311881188118813","101","4700","WAS@MIA","MIA","WAS","","","",""
"20290-60643","OF","Aaron","Aaron Judge","Judge","14.66199951171875","100","4700","DET@NYY","NYY","DET","","","",""
"20290-14562","2B","Jose","Jose Altuve","Altuve","13.834653948793317","101","4400","TAM@HOU","HOU","TAM","","","",""
"20290-5948","OF","Brett","Brett Gardner","Gardner","11.926531110491071","98","4100","DET@NYY","NYY","DET","","","",""
"20290-21609","OF","Christian","Christian Yelich","Yelich","11.210999755859374","100","4000","WAS@MIA","MIA","WAS","","","",""
"20290-39151","OF","Mookie","Mookie Betts","Betts","12.593137254901961","102","4000","CLE@BOS","BOS","CLE","","","",""
"20290-65881","SS","Trea","Trea Turner","Turner","13.58235258214614","68","4000","WAS@MIA","WAS","MIA","DL","Wrist","",""
"20290-38249","OF","Steven","Steven Souza Jr.","Souza Jr.","12.025","100","4000","TAM@HOU","TAM","HOU","","","",""
"20290-5832","3B","Adrian","Adrian Beltre","Beltre","11.75686226639093","51","4000","SEA@TEX","TEX","SEA","","","",""
"20290-14038","OF","Khris","Khris Davis","Davis","11.763106559086772","103","4000","SFG@OAK","OAK","SFG","","","",""
"20290-38614","SS","Carlos","Carlos Correa","Correa","13.444048200334821","84","4000","TAM@HOU","HOU","TAM","DL","Thumb","",""
"20290-5094","2B","Daniel","Daniel Murphy","Murphy","12.644791920979818","96","4000","WAS@MIA","WAS","MIA","","","",""
"20290-6273","OF","Michael","Michael Brantley","Brantley","10.92469165943287","81","3900","CLE@BOS","CLE","BOS","","","",""
"20290-11443","1B","Justin","Justin Smoak","Smoak","11.703845684344952","104","3900","TOR@CWS","TOR","CWS","","","",""
"20290-16952","SS","Francisco","Francisco Lindor","Lindor","10.753465104811262","101","3900","CLE@BOS","CLE","BOS","","","",""
"20290-13841","SS","Didi","Didi Gregorius","Gregorius","10.547499847412109","80","3800","DET@NYY","NYY","DET","","","",""
"20290-16945","C","Gary","Gary Sanchez","Sanchez","11.678873411366638","71","3800","DET@NYY","NYY","DET","","","",""
"20290-16947","2B","Jonathan","Jonathan Schoop","Schoop","11.970588235294118","102","3800","KAN@BAL","BAL","KAN","","","",""
"20290-16983","OF","George","George Springer","Springer","14.04731209047379","93","3800","TAM@HOU","HOU","TAM","DL","Quadriceps","",""
"20290-12113","3B","Josh","Josh Donaldson","Donaldson","9.809677616242439","62","3800","TOR@CWS","TOR","CWS","","","",""
"20290-12310","1B","Carlos","Carlos Santana","Santana","10.825252032039142","99","3700","CLE@BOS","CLE","BOS","","","",""
"20290-12505","3B","Eduardo","Eduardo Nunez","Nunez","10.301265668265428","79","3700","CLE@BOS","BOS","CLE","","","",""
"20290-12516","1B","Lucas","Lucas Duda","Duda","10.302563789563301","78","3700","TAM@HOU","TAM","HOU","","","",""
"20290-5562","1B","Edwin","Edwin Encarnacion","Encarnacion","11.382177976098392","101","3700","CLE@BOS","CLE","BOS","","","",""
"20290-12928","1B","Eric","Eric Hosmer","Hosmer","11.022330571146844","103","3700","KAN@BAL","KAN","BAL","","","",""
"20290-12935","2B","Dee","Dee Gordon","Gordon","10.395049746673886","101","3700","WAS@MIA","MIA","WAS","","","",""
"20290-17086","OF","Marcell","Marcell Ozuna","Ozuna","12.189320388349515","103","3700","WAS@MIA","MIA","WAS","","","",""
"20290-70562","2B","Whit","Whit Merrifield","Merrifield","11.212790555732195","86","3700","KAN@BAL","KAN","BAL","","","",""
"20290-6197","OF","Justin","Justin Upton","Upton","12.225773447567654","97","3600","DET@NYY","DET","NYY","","","",""
"20290-11322","3B","Mike","Mike Moustakas","Moustakas","11.710752425655242","93","3600","KAN@BAL","KAN","BAL","","","",""
"20290-38976","2B","Jose","Jose Ramirez","Ramirez","12.32058775658701","102","3600","CLE@BOS","CLE","BOS","","","",""
"20290-5189","OF","Josh","Josh Reddick","Reddick","10.794444444444444","90","3600","TAM@HOU","HOU","TAM","","","",""
"20290-5222","OF","Shin-soo","Shin-soo Choo","Choo","10.958510378573804","94","3600","SEA@TEX","TEX","SEA","","","",""
"20290-5262","OF","Adam","Adam Jones","Jones","10.089690847495168","97","3600","KAN@BAL","BAL","KAN","","","",""
"20290-49523","1B","Jose","Jose Abreu","Abreu","11.461385896890471","101","3600","TOR@CWS","CWS","TOR","","","",""
"20290-13694","SS","Marwin","Marwin Gonzalez","Gonzalez","11.559302041696947","86","3600","TAM@HOU","HOU","TAM","","","",""
"20290-16951","3B","Anthony","Anthony Rendon","Rendon","12.726041158040365","96","3600","WAS@MIA","WAS","MIA","","","",""
"20290-5763","OF","Nelson","Nelson Cruz","Cruz","11.183168316831683","101","3600","SEA@TEX","SEA","TEX","","","",""
"20290-5904","1B","Chris","Chris Davis","Davis","9.916000162760417","75","3600","KAN@BAL","BAL","KAN","","","",""
"20290-12434","OF","Lorenzo","Lorenzo Cain","Cain","10.157000122070313","100","3500","KAN@BAL","KAN","BAL","","","",""
"20290-60630","OF","Bradley","Bradley Zimmer","Zimmer","9.727692119891827","65","3500","CLE@BOS","CLE","BOS","","","",""
"20290-5359","SS","Elvis","Elvis Andrus","Andrus","11.53199951171875","100","3500","SEA@TEX","TEX","SEA","","","",""
"20290-5062","1B","Ryan","Ryan Zimmerman","Zimmerman","12.539784421202956","93","3500","WAS@MIA","WAS","MIA","","","",""
"20290-5118","1B","Miguel","Miguel Cabrera","Cabrera","9.534831186358849","89","3500","DET@NYY","DET","NYY","","","",""
"20290-5607","3B","Evan","Evan Longoria","Longoria","10.427184466019417","103","3400","TAM@HOU","TAM","HOU","","","",""
"20290-52732","OF","Jorge","Jorge Bonifacio","Bonifacio","9.351851851851851","81","3400","KAN@BAL","KAN","BAL","","","",""
"20290-13929","3B","Manny","Manny Machado","Machado","10.182828036221592","99","3400","KAN@BAL","BAL","KAN","","","",""
"20290-13966","3B","Kyle","Kyle Seager","Seager","9.589215446920957","102","3400","SEA@TEX","SEA","TEX","","","",""
"20290-17139","C","J.T.","J.T. Realmuto","Realmuto","10.377272865988992","88","3400","WAS@MIA","MIA","WAS","","","",""
"20290-13188","SS","Jean","Jean Segura","Segura","10.913158215974507","76","3400","SEA@TEX","SEA","TEX","","","",""
"20290-13266","C","Salvador","Salvador Perez","Perez","10.425531914893616","94","3400","KAN@BAL","KAN","BAL","","","",""
"20290-52197","OF","Brian","Brian Goodwin","Goodwin","9.261290519468245","62","3400","WAS@MIA","WAS","MIA","","","",""
"20290-5366","2B","Dustin","Dustin Pedroia","Pedroia","10.214117790670956","85","3300","CLE@BOS","BOS","CLE","DTD","Knee","",""
"20290-12585","OF","Mark","Mark Trumbo","Trumbo","9.537864314699636","103","3300","KAN@BAL","BAL","KAN","DTD","Back","",""
"20290-38326","OF","Nomar","Nomar Mazara","Mazara","10.092631450452302","95","3300","SEA@TEX","TEX","SEA","","","",""
"20290-5564","OF","Jose","Jose Bautista","Bautista","9.9125002347506","104","3300","TOR@CWS","TOR","CWS","","","",""
"20290-12900","1B","Brandon","Brandon Belt","Belt","10.655555802162247","99","3300","SFG@OAK","SFG","OAK","","","",""
"20290-5831","OF","Carlos","Carlos Beltran","Beltran","8.924418604651162","86","3300","TAM@HOU","HOU","TAM","","","",""
"20290-5927","C","A.J.","A.J. Ellis","Ellis","6.185714176722935","28","3300","WAS@MIA","MIA","WAS","","","",""
"20290-68495","OF","Andrew","Andrew Benintendi","Benintendi","10.008080684777463","99","3300","CLE@BOS","BOS","CLE","","","",""
"20290-5188","OF","Jacoby","Jacoby Ellsbury","Ellsbury","8.763934025998976","61","3200","DET@NYY","NYY","DET","","","",""
"20290-12458","1B","Logan","Logan Morrison","Morrison","11.238383591777147","99","3200","TAM@HOU","TAM","HOU","DTD","Heel","",""
"20290-5390","2B","Robinson","Robinson Cano","Cano","11.13404229346742","94","3200","SEA@TEX","SEA","TEX","","","",""
"20290-5504","2B","Ian","Ian Kinsler","Kinsler","10.1188232421875","85","3200","DET@NYY","DET","NYY","","","",""
"20290-12863","3B","Todd","Todd Frazier","Frazier","9.83913056746773","92","3200","DET@NYY","NYY","DET","","","",""
"20290-21074","OF","Michael A.","Michael A. Taylor","Taylor","10.104166666666666","72","3200","WAS@MIA","WAS","MIA","DL","Oblique","",""
"20290-70435","OF","Ben","Ben Gamel","Gamel","10.341463414634147","82","3200","SEA@TEX","SEA","TEX","","","",""
"20290-71507","1B","Yuli","Yuli Gurriel","Gurriel","9.93000013563368","90","3200","TAM@HOU","HOU","TAM","","","",""
"20290-5153","1B","Hanley","Hanley Ramirez","Ramirez","9.657777913411458","90","3100","CLE@BOS","BOS","CLE","","","",""
"20290-6292","C","Buster","Buster Posey","Posey","10.10537621282762","93","3100","SFG@OAK","SFG","OAK","","","",""
"20290-21705","SS","Marcus","Marcus Semien","Semien","10.261290519468245","31","3100","SFG@OAK","OAK","SFG","","","",""
"20290-38321","1B","Joey","Joey Gallo","Gallo","10.226595614818816","94","3100","SEA@TEX","TEX","SEA","","","",""
"20290-14004","1B","Justin","Justin Bour","Bour","11.003448135551364","87","3100","WAS@MIA","MIA","WAS","DL","Oblique","",""
"20290-5033","1B","Chase","Chase Headley","Headley","8.930526572779605","95","3100","DET@NYY","NYY","DET","","","",""
"20290-5204","OF","Denard","Denard Span","Span","9.176543059172454","81","3000","SFG@OAK","SFG","OAK","","","",""
"20290-5211","OF","Carlos","Carlos Gomez","Gomez","10.329730059649494","74","3000","SEA@TEX","TEX","SEA","","","",""
"20290-53401","OF","Trey","Trey Mancini","Mancini","10.035555691189236","90","3000","KAN@BAL","BAL","KAN","","","",""
"20290-38074","OF","Corey","Corey Dickerson","Dickerson","11.00800048828125","100","3000","TAM@HOU","TAM","HOU","","","",""
"20290-13894","OF","Aaron","Aaron Hicks","Hicks","12.041666666666666","60","3000","DET@NYY","NYY","DET","DL","Oblique","",""
"20290-12924","OF","Lonnie","Lonnie Chisenhall","Chisenhall","10.567187309265137","64","3000","CLE@BOS","CLE","BOS","DL","Calf","",""
"20290-5086","OF","Seth","Seth Smith","Smith","8.568918588999155","74","3000","KAN@BAL","BAL","KAN","","","",""
"20290-21584","2B","Rougned","Rougned Odor","Odor","9.485576923076923","104","2900","SEA@TEX","TEX","SEA","","","",""
"20290-37982","SS","Xander","Xander Bogaerts","Bogaerts","9.773958206176758","96","2900","CLE@BOS","BOS","CLE","","","",""
"20290-21876","3B","Derek","Derek Dietrich","Dietrich","6.615909229625355","88","2900","WAS@MIA","MIA","WAS","","","",""
"20290-5590","1B","Mike","Mike Napoli","Napoli","9.292045593261719","88","2900","SEA@TEX","TEX","SEA","","","",""
"20290-17015","C","Evan","Evan Gattis","Gattis","10.387499809265137","64","2900","TAM@HOU","HOU","TAM","","","",""
"20290-12961","SS","Brandon","Brandon Crawford","Crawford","8.504494656337782","89","2900","SFG@OAK","SFG","OAK","","","",""
"20290-12985","OF","Avisail","Avisail Garcia","Garcia","10.502272865988992","88","2900","TOR@CWS","CWS","TOR","DL","Thumb","",""
"20290-10977","OF","Austin","Austin Jackson","Jackson","8.290697674418604","43","2900","CLE@BOS","CLE","BOS","","","",""
"20290-6005","OF","Matt","Matt Joyce","Joyce","8.72872340425532","94","2900","SFG@OAK","OAK","SFG","","","",""
"20290-52150","OF","Clint","Clint Frazier","Frazier","10.809091047807174","22","2900","DET@NYY","NYY","DET","","","",""
"20290-12292","1B","Danny","Danny Valencia","Valencia","8.794845109133377","97","2800","SEA@TEX","SEA","TEX","","","",""
"20290-5146","OF","Hunter","Hunter Pence","Pence","7.769412051930147","85","2800","SFG@OAK","SFG","OAK","","","",""
"20290-5279","1B","Kendrys","Kendrys Morales","Morales","9.750504927201705","99","2800","TOR@CWS","TOR","CWS","","","",""
"20290-5310","OF","Rajai","Rajai Davis","Davis","7.645882640165441","85","2800","SFG@OAK","OAK","SFG","","","",""
"20290-12495","C","Welington","Welington Castillo","Castillo","9.056667073567708","60","2800","KAN@BAL","BAL","KAN","","","",""
"20290-12521","1B","Yonder","Yonder Alonso","Alonso","10.275789602179277","95","2800","SFG@OAK","OAK","SFG","","","",""
"20290-5406","OF","Jayson","Jayson Werth","Werth","10.331915023479056","47","2800","WAS@MIA","WAS","MIA","DL","Toe","",""
"20290-62780","SS","Wilmer","Wilmer Difo","Difo","5.8865670730818564","67","2800","WAS@MIA","WAS","MIA","","","",""
"20290-5617","1B","Adam","Adam Lind","Lind","7.473913220391757","69","2800","WAS@MIA","WAS","MIA","","","",""
"20290-12925","2B","Jason","Jason Kipnis","Kipnis","9.066667036576705","66","2800","CLE@BOS","CLE","BOS","DL","Hamstring","",""
"20290-17025","2B","Joe","Joe Panik","Panik","8.404255319148936","94","2800","SFG@OAK","SFG","OAK","","","",""
"20290-13961","OF","Kevin","Kevin Kiermaier","Kiermaier","9.451612903225806","62","2800","TAM@HOU","TAM","HOU","DL","Hip","",""
"20290-38842","OF","Mallex","Mallex Smith","Smith","9.45","50","2800","TAM@HOU","TAM","HOU","","","",""
"20290-13342","3B","Nicholas","Nicholas Castellanos","Castellanos","9.977227843633973","101","2700","DET@NYY","DET","NYY","","","",""
"20290-13378","OF","Leury","Leury Garcia","Garcia","8.987719084087171","57","2700","TOR@CWS","CWS","TOR","","","",""
"20290-5190","C","Victor","Victor Martinez","Martinez","8.390697390534157","86","2700","DET@NYY","DET","NYY","","","",""
"20290-5243","C","Brian","Brian McCann","McCann","10.394030215135261","67","2700","TAM@HOU","HOU","TAM","","","",""
"20290-21637","OF","Jackie","Jackie Bradley Jr.","Bradley Jr.","9.735227411443537","88","2700","CLE@BOS","BOS","CLE","","","",""
"20290-5299","C","Russell","Russell Martin","Martin","8.894444783528646","72","2700","TOR@CWS","TOR","CWS","","","",""
"20290-60672","SS","Tim","Tim Anderson","Anderson","7.363735995449862","91","2700","TOR@CWS","CWS","TOR","","","",""
"20290-5393","OF","Melky","Melky Cabrera","Cabrera","9.855101916254783","98","2700","KAN@BAL","KAN","BAL","","","",""
"20290-12584","OF","Alex","Alex Presley","Presley","7.3088235294117645","34","2700","DET@NYY","DET","NYY","DL","Oblique","",""
"20290-5532","OF","Steve","Steve Pearce","Pearce","8.286666870117188","60","2700","TOR@CWS","TOR","CWS","","","",""
"20290-72261","OF","Guillermo","Guillermo Heredia","Heredia","6.824358817858574","78","2700","SEA@TEX","SEA","TEX","","","",""
"20290-12965","3B","Matt","Matt Davidson","Davidson","9.013953630314317","86","2700","TOR@CWS","CWS","TOR","","","",""
"20290-12993","OF","Gorkys","Gorkys Hernandez","Hernandez","5.35632183908046","87","2700","SFG@OAK","SFG","OAK","","","",""
"20290-12168","2B","Starlin","Starlin Castro","Castro","10.555696511570412","79","2700","DET@NYY","NYY","DET","DL","Hamstring","",""
"20290-68522","3B","Alex","Alex Bregman","Bregman","9.2642859634088","98","2700","TAM@HOU","HOU","TAM","","","",""
"20290-68585","3B","Rafael","Rafael Devers","Devers","14.260000610351563","5","2700","CLE@BOS","BOS","CLE","","","",""
"20290-5135","OF","Alex","Alex Gordon","Gordon","7.189247049311156","93","2600","KAN@BAL","KAN","BAL","","","",""
"20290-5178","OF","Matt","Matt Holliday","Holliday","9.93452380952381","84","2600","DET@NYY","NYY","DET","","","",""
"20290-37983","C","Mike","Mike Zunino","Zunino","9.014473362972861","76","2600","SEA@TEX","SEA","TEX","","","",""
"20290-61553","2B","Yoan","Yoan Moncada","Moncada","7.690908952192827","11","2600","TOR@CWS","CWS","TOR","","","",""
"20290-79127","OF","Derek","Derek Fisher","Fisher","11.2","10","2600","TAM@HOU","HOU","TAM","","","",""
"20290-5591","OF","Howie","Howie Kendrick","Kendrick","9.628571283249627","42","2600","WAS@MIA","WAS","MIA","","","",""
"20290-12919","SS","Jose","Jose Iglesias","Iglesias","7.977906692859738","86","2600","DET@NYY","DET","NYY","","","",""
"20290-17167","2B","Brad","Brad Miller","Miller","8.245901639344263","61","2600","TAM@HOU","TAM","HOU","","","",""
"20290-6029","2B","Jed","Jed Lowrie","Lowrie","9.13","100","2600","SFG@OAK","OAK","SFG","","","",""
"20290-68544","3B","Matt","Matt Chapman","Chapman","8.748148035120082","27","2600","SFG@OAK","OAK","SFG","","","",""
"20290-38868","OF","Mikie","Mikie Mahtook","Mahtook","7.1692307692307695","65","2600","DET@NYY","DET","NYY","","","",""
"20290-11326","SS","Tim","Tim Beckham","Beckham","8.278161059850934","87","2500","TAM@HOU","TAM","HOU","","","",""
"20290-13473","C","Caleb","Caleb Joseph","Joseph","6.691525216829979","59","2500","KAN@BAL","BAL","KAN","","","",""
"20290-5399","3B","Martin","Martin Prado","Prado","6.800000164959882","37","2500","WAS@MIA","MIA","WAS","DL","Knee","",""
"20290-5463","OF","Brandon","Brandon Moss","Moss","7.733802473041373","71","2500","KAN@BAL","KAN","BAL","","","",""
"20290-16930","OF","Norichika","Norichika Aoki","Aoki","6.508450790190361","71","2500","TAM@HOU","HOU","TAM","","","",""
"20290-16981","C","Yan","Yan Gomes","Gomes","7.236619546379842","71","2500","CLE@BOS","CLE","BOS","","","",""
"20290-12989","OF","Brandon","Brandon Guyer","Guyer","4.911904834565663","42","2500","CLE@BOS","CLE","BOS","","","",""
"20290-71466","3B","Ryon","Ryon Healy","Healy","9.191919191919192","99","2500","SFG@OAK","OAK","SFG","","","",""
"20290-5037","C","Nick","Nick Hundley","Hundley","5.7913792051118","58","2500","SFG@OAK","SFG","OAK","DTD","Head","",""
"20290-38867","2B","Devon","Devon Travis","Travis","8.967999877929687","50","2500","TOR@CWS","TOR","CWS","DL","Knee","",""
"20290-5079","SS","Troy","Troy Tulowitzki","Tulowitzki","7.109091094045928","66","2500","TOR@CWS","TOR","CWS","DL","Ankle","",""
"20290-6230","OF","Chris","Chris Young","Young","6.793548583984375","62","2400","CLE@BOS","BOS","CLE","","","",""
"20290-13451","2B","Ronald","Ronald Torreyes","Torreyes","6.304285539899554","70","2400","DET@NYY","NYY","DET","","","",""
"20290-5265","C","Matt","Matt Wieters","Wieters","7.670370219666281","81","2400","WAS@MIA","WAS","MIA","","","",""
"20290-12475","OF","Peter","Peter Bourjos","Bourjos","4.761904761904762","63","2400","TAM@HOU","TAM","HOU","","","",""
"20290-12577","OF","Jarrod","Jarrod Dyson","Dyson","8.571276725606715","94","2400","SEA@TEX","SEA","TEX","","","",""
"20290-13794","OF","Delino","Delino DeShields","DeShields","7.716000162760417","75","2400","SEA@TEX","TEX","SEA","","","",""
"20290-80485","OF","Austin","Austin Slater","Slater","8.279310555293643","29","2400","SFG@OAK","SFG","OAK","DL","Hip","",""
"20290-5121","OF","Ryan","Ryan Raburn","Raburn","5.575999755859375","25","2300","WAS@MIA","WAS","MIA","DL","Back","",""
"20290-5122","C","Alex","Alex Avila","Avila","8.467532467532468","77","2300","DET@NYY","DET","NYY","","","",""
"20290-13346","2B","Ryan","Ryan Goins","Goins","5.597701149425287","87","2300","TOR@CWS","TOR","CWS","","","",""
"20290-13390","SS","Miguel","Miguel Rojas","Rojas","6.348484848484849","33","2300","WAS@MIA","MIA","WAS","","","",""
"20290-12462","1B","Mitch","Mitch Moreland","Moreland","8.765979255597616","97","2300","CLE@BOS","BOS","CLE","","","",""
"20290-12499","SS","Darwin","Darwin Barney","Barney","4.210389768922484","77","2300","TOR@CWS","TOR","CWS","","","",""
"20290-5445","SS","Alcides","Alcides Escobar","Escobar","6.785437130233617","103","2300","KAN@BAL","KAN","BAL","","","",""
"20290-5471","SS","Stephen","Stephen Drew","Drew","4.658695718516475","46","2300","WAS@MIA","WAS","MIA","DL","Abdomen","",""
"20290-5475","C","Miguel","Miguel Montero","Montero","5.314034980640077","57","2300","TOR@CWS","TOR","CWS","","","",""
"20290-73159","OF","Mitch","Mitch Haniger","Haniger","10.158620900121228","58","2300","SEA@TEX","SEA","TEX","DL","Face","",""
"20290-13858","C","Christian","Christian Vazquez","Vazquez","6.668852258901127","61","2300","CLE@BOS","BOS","CLE","","","",""
"20290-23107","OF","Jorge","Jorge Soler","Soler","5.220689444706358","29","2300","KAN@BAL","KAN","BAL","","","",""
"20290-80457","OF","Adam","Adam Engel","Engel","7.2625","40","2300","TOR@CWS","CWS","TOR","","","",""
"20290-12988","C","Robinson","Robinson Chirinos","Chirinos","9.591304613196332","46","2300","SEA@TEX","TEX","SEA","","","",""
"20290-14019","OF","Abraham","Abraham Almonte","Almonte","6.740909229625355","44","2300","CLE@BOS","CLE","BOS","","","",""
"20290-17105","C","Sandy","Sandy Leon","Leon","7.3779658947960804","59","2300","CLE@BOS","BOS","CLE","","","",""
"20290-5972","SS","J.J.","J.J. Hardy","Hardy","5.895312309265137","64","2300","KAN@BAL","BAL","KAN","DL","Wrist","",""
"20290-11096","OF","Chris","Chris Heisey","Heisey","3.107894696687397","38","2300","WAS@MIA","WAS","MIA","","","",""
"20290-12123","C","Wilson","Wilson Ramos","Ramos","6.736363497647372","22","2300","TAM@HOU","TAM","HOU","","","",""
"20290-68496","1B","Sam","Sam Travis","Travis","6.305555555555555","18","2300","CLE@BOS","BOS","CLE","","","",""
"20290-13343","2B","Dixon","Dixon Machado","Machado","4.321951145079078","41","2200","DET@NYY","DET","NYY","","","",""
"20290-21549","OF","Tyler","Tyler Collins","Collins","6.909999847412109","40","2200","DET@NYY","DET","NYY","","","",""
"20290-13363","C","Ryan","Ryan Lavarnway","Lavarnway","4","4","2200","SFG@OAK","OAK","SFG","","","",""
"20290-13394","2B","Tyler","Tyler Saladino","Saladino","5.971052470960115","38","2200","TOR@CWS","CWS","TOR","","","",""
"20290-11349","SS","Ruben","Ruben Tejada","Tejada","5.049999839381168","38","2200","KAN@BAL","BAL","KAN","","","",""
"20290-21589","OF","Willy","Willy Garcia","Garcia","5.823077079577324","39","2200","TOR@CWS","CWS","TOR","","","",""
"20290-14447","OF","Leonys","Leonys Martin","Martin","5.918749809265137","16","2200","SEA@TEX","SEA","TEX","","","",""
"20290-81046","1B","Garrett","Garrett Cooper","Cooper","5.737500190734863","8","2200","DET@NYY","NYY","DET","","","",""
"20290-71874","C","Bruce","Bruce Maxwell","Maxwell","5.710810893290752","37","2200","SFG@OAK","OAK","SFG","","","",""
"20290-5373","OF","Ichiro","Ichiro Suzuki","Suzuki","2.7471264367816093","87","2200","WAS@MIA","MIA","WAS","","","",""
"20290-5381","OF","Michael","Michael Saunders","Saunders","6.688524590163935","61","2200","TOR@CWS","TOR","CWS","","","",""
"20290-13685","3B","Brock","Brock Holt","Holt","4.170000076293945","20","2200","CLE@BOS","BOS","CLE","","","",""
"20290-38293","OF","Tyler","Tyler Naquin","Naquin","3.4000000423855252","9","2200","CLE@BOS","CLE","BOS","","","",""
"20290-38299","OF","Kevin","Kevin Pillar","Pillar","8.546601823232706","103","2200","TOR@CWS","TOR","CWS","","","",""
"20290-38300","OF","Billy","Billy Burns","Burns","0.8857142584664481","7","2200","KAN@BAL","KAN","BAL","","","",""
"20290-13731","3B","Ryan","Ryan Flaherty","Flaherty","4.561538402850811","13","2200","KAN@BAL","BAL","KAN","DL","Shoulder","",""
"20290-13785","1B","Tyler","Tyler Moore","Moore","4.935000101725261","60","2200","WAS@MIA","MIA","WAS","","","",""
"20290-71217","C","Omar","Omar Narvaez","Narvaez","5.20172434839709","58","2200","TOR@CWS","CWS","TOR","","","",""
"20290-12849","OF","Ezequiel","Ezequiel Carrera","Carrera","6.593826859085648","81","2200","TOR@CWS","TOR","CWS","","","",""
"20290-80562","SS","Ramon","Ramon Torres","Torres","5.29047611781529","21","2200","KAN@BAL","KAN","BAL","","","",""
"20290-13013","SS","Michael","Michael Martinez","Martinez","1.5142857687813895","28","2200","CLE@BOS","CLE","BOS","","","",""
"20290-13060","SS","Adeiny","Adeiny Hechavarria","Hechavarria","5.197826219641644","46","2200","TAM@HOU","TAM","HOU","","","",""
"20290-17171","C","James","James McCann","McCann","8.510344932819235","58","2200","DET@NYY","DET","NYY","","","",""
"20290-6025","C","Jose","Jose Lobaton","Lobaton","5.82258064516129","31","2200","WAS@MIA","WAS","MIA","","","",""
"20290-13201","C","Jesus","Jesus Sucre","Sucre","6.736363497647372","44","2200","TAM@HOU","TAM","HOU","","","",""
"20290-13238","C","Josh","Josh Phegley","Phegley","4.593616891414561","47","2200","SFG@OAK","OAK","SFG","DL","Oblique","",""
"20290-68537","OF","Tyler","Tyler Wade","Wade","5.125","12","2200","DET@NYY","NYY","DET","","","",""
"20290-68538","SS","Franklin","Franklin Barreto","Barreto","9.563636086203836","11","2200","SFG@OAK","OAK","SFG","","","",""
"20290-52175","OF","Matt","Matt Olson","Olson","8.149999830457899","18","2200","SFG@OAK","OAK","SFG","","","",""
"20290-68627","1B","Tyler","Tyler White","White","4.625","4","2100","TAM@HOU","HOU","TAM","","","",""
"20290-13422","OF","Jake","Jake Marisnick","Marisnick","6.758441875507305","77","2100","TAM@HOU","HOU","TAM","","","",""
"20290-39125","1B","Tomas","Tomas Telis","Telis","2.8545454198663887","11","2100","WAS@MIA","MIA","WAS","","","",""
"20290-38112","3B","Giovanny","Giovanny Urshela","Urshela","4.533333333333333","15","2100","CLE@BOS","CLE","BOS","","","",""
"20290-5492","SS","Adam","Adam Rosales","Rosales","5.598591549295775","71","2100","SFG@OAK","OAK","SFG","","","",""
"20290-38411","2B","Alen","Alen Hanson","Hanson","3.954929405534771","71","2100","TOR@CWS","CWS","TOR","","","",""
"20290-13862","OF","Daniel","Daniel Robertson","Robertson","4.853125095367432","32","2100","CLE@BOS","CLE","BOS","","","",""
"20290-13871","OF","Shane","Shane Peterson","Peterson","6.443333435058594","30","2100","TAM@HOU","TAM","HOU","","","",""
"20290-21161","2B","Yolmer","Yolmer Sanchez","Sanchez","7.178409229625355","88","2100","TOR@CWS","CWS","TOR","","","",""
"20290-21165","C","Roberto","Roberto Perez","Perez","5.971428644089472","42","2100","CLE@BOS","CLE","BOS","","","",""
"20290-80565","OF","Jaycob","Jaycob Brugman","Brugman","6.425","40","2100","SFG@OAK","OAK","SFG","","","",""
"20290-79786","1B","Jae-gyun","Jae-gyun Hwang","Hwang","3.9000000953674316","16","2100","SFG@OAK","SFG","OAK","","","",""
"20290-13283","OF","Jim","Jim Adduci","Adduci","7.37368453176398","19","2100","DET@NYY","DET","NYY","","","",""
"20290-79851","2B","Drew","Drew Robinson","Robinson","8.980000305175782","10","2100","SEA@TEX","TEX","SEA","","","",""
"20290-38938","OF","Mac","Mac Williamson","Williamson","5.483333587646484","12","2000","SFG@OAK","SFG","OAK","","","",""
"20290-5151","2B","Chris","Chris Coghlan","Coghlan","3.691666497124566","36","2000","TOR@CWS","TOR","CWS","DL","Wrist","",""
"20290-38955","OF","Joey","Joey Rickard","Rickard","4.765384771885016","78","2000","KAN@BAL","BAL","KAN","","","",""
"20290-58411","OF","Ryan","Ryan Rua","Rua","5.051111178927951","45","2000","SEA@TEX","TEX","SEA","","","",""
"20290-11311","C","Drew","Drew Butera","Butera","4.337209302325581","43","2000","KAN@BAL","KAN","BAL","","","",""
"20290-6216","OF","Rickie","Rickie Weeks Jr.","Weeks Jr.","5.935135300095017","37","2000","TAM@HOU","TAM","HOU","","","",""
"20290-21578","3B","Josh","Josh Rutledge","Rutledge","5.04054054054054","37","2000","CLE@BOS","BOS","CLE","DL","Hip","",""
"20290-13425","C","Tuffy","Tuffy Gosewisch","Gosewisch","1.109090891751376","11","2000","SEA@TEX","SEA","TEX","","","",""
"20290-81013","2B","Miguel","Miguel Gomez","Gomez","2.671428680419922","14","2000","SFG@OAK","SFG","OAK","","","",""
"20290-6283","OF","Craig","Craig Gentry","Gentry","2.9734693254743303","49","2000","KAN@BAL","BAL","KAN","","","",""
"20290-21666","OF","Mark","Mark Canha","Canha","5.851724032698007","29","2000","SFG@OAK","OAK","SFG","","","",""
"20290-39090","2B","Erik","Erik Gonzalez","Gonzalez","4.477777693006727","36","2000","CLE@BOS","CLE","BOS","","","",""
"20290-38087","3B","Deven","Deven Marrero","Marrero","6.560344827586207","58","2000","CLE@BOS","BOS","CLE","","","",""
"20290-60652","3B","Christian","Christian Arroyo","Arroyo","6.611764795639935","34","2000","SFG@OAK","SFG","OAK","DL","Hand","",""
"20290-13584","OF","Paulo","Paulo Orlando","Orlando","3.7714285169328963","14","2000","KAN@BAL","KAN","BAL","DL","Lower leg","",""
"20290-5408","C","Carlos","Carlos Ruiz","Ruiz","5.1499999196905835","38","2000","SEA@TEX","SEA","TEX","","","",""
"20290-13615","C","Francisco","Francisco Pena","Pena","9.919999694824218","5","2000","KAN@BAL","BAL","KAN","","","",""
"20290-79176","SS","JT","JT Riddle","Riddle","6.45","70","2000","WAS@MIA","MIA","WAS","DL","Shoulder","",""
"20290-79195","3B","Miguel","Miguel Andujar","Andujar","35","1","2000","DET@NYY","NYY","DET","","","",""
"20290-53600","2B","Kelby","Kelby Tomlinson","Tomlinson","3.453448328478583","58","2000","SFG@OAK","SFG","OAK","","","",""
"20290-5497","SS","Paul","Paul Janish","Janish","1.3928571428571428","14","2000","KAN@BAL","BAL","KAN","","","",""
"20290-80339","C","Mike","Mike Ohlman","Ohlman","1.9","5","2000","TOR@CWS","TOR","CWS","","","",""
"20290-53724","2B","Taylor","Taylor Featherston","Featherston","6.231249809265137","16","2000","TAM@HOU","TAM","HOU","","","",""
"20290-12767","OF","Andrew","Andrew Romine","Romine","6.050632911392405","79","2000","DET@NYY","DET","NYY","","","",""
"20290-12855","3B","Conor","Conor Gillaspie","Gillaspie","3.347619192940848","42","2000","SFG@OAK","SFG","OAK","","","",""
"20290-81495","OF","Carlos","Carlos Moncrief","Moncrief","3","1","2000","SFG@OAK","SFG","OAK","","","",""
"20290-70277","C","Kevan","Kevan Smith","Smith","5.026922959547776","52","2000","TOR@CWS","CWS","TOR","","","",""
"20290-13959","C","Juan","Juan Centeno","Centeno","23.299999237060547","2","2000","TAM@HOU","HOU","TAM","","","",""
"20290-21158","C","John","John Hicks","Hicks","8.827272588556463","22","2000","DET@NYY","DET","NYY","","","",""
"20290-14012","OF","Jarrett","Jarrett Parker","Parker","3.466666751437717","9","2000","SFG@OAK","SFG","OAK","DL","Shoulder","",""
"20290-38592","3B","Cheslor","Cheslor Cuthbert","Cuthbert","3.9939394864169033","33","2000","KAN@BAL","KAN","BAL","DL","Wrist","",""
"20290-13009","C","Austin","Austin Romine","Romine","5.639285496303013","56","2000","DET@NYY","NYY","DET","DTD","Hand","",""
"20290-21212","OF","Mason","Mason Williams","Williams","8.019999694824218","5","2000","DET@NYY","NYY","DET","","","",""
"20290-52995","C","Luke","Luke Maile","Maile","3.4757574832800664","33","2000","TOR@CWS","TOR","CWS","DL","Knee","",""
"20290-14088","OF","Jake","Jake Smolinski","Smolinski","5.738383591777146","99","2000","SFG@OAK","OAK","SFG","DL","Shoulder","",""
"20290-53007","2B","Daniel","Daniel Robertson","Robertson","6.51379289298222","58","2000","TAM@HOU","TAM","HOU","DL","Neck","",""
"20290-17169","OF","Shawn","Shawn O'Malley","O'Malley","4.902247053853581","89","2000","SEA@TEX","SEA","TEX","DL","Shoulder","",""
"20290-10007","OF","Justin","Justin Ruggiano","Ruggiano","4.863157975046258","19","2000","SFG@OAK","SFG","OAK","","","",""
"20290-11094","1B","Chris","Chris Carter","Carter","6.854838709677419","62","2000","SFG@OAK","OAK","SFG","","","",""
"20290-68470","OF","JaCoby","JaCoby Jones","Jones","4.081818320534446","22","2000","DET@NYY","DET","NYY","","","",""
"20290-70518","OF","Taylor","Taylor Motter","Motter","7.089999825613839","70","2000","SEA@TEX","SEA","TEX","","","",""
"20290-68478","SS","Chad","Chad Pinder","Pinder","8.580850804105719","47","2000","SFG@OAK","OAK","SFG","DL","Hamstring","",""
"20290-68486","OF","Boog","Boog Powell","Powell","2.83478247601053","23","2000","SEA@TEX","SEA","TEX","","","",""
"20290-68489","OF","Dwight","Dwight Smith Jr.","Smith Jr.","4.825000127156575","12","2000","TOR@CWS","TOR","CWS","","","",""
"20290-80785","1B","David","David Washington","Washington","0","3","2000","KAN@BAL","BAL","KAN","","","",""
"20290-13210","2B","Johnny","Johnny Giavotella","Giavotella","1.2857142857142858","7","2000","KAN@BAL","BAL","KAN","","","",""
"20290-70574","OF","Jared","Jared Hoying","Hoying","5.458333333333333","24","2000","SEA@TEX","TEX","SEA","","","",""
"20290-6068","1B","Michael","Michael Morse","Morse","2.320833365122477","24","2000","SFG@OAK","SFG","OAK","DL","Concussion","",""
"20290-80835","OF","Ryder","Ryder Jones","Jones","1.7428571156093053","7","2000","SFG@OAK","SFG","OAK","","","",""
"20290-52164","2B","Raul","Raul Mondesi","Mondesi","5.320000203450521","15","2000","KAN@BAL","KAN","BAL","DTD","Back","",""
"20290-80836","SS","Tzu-Wei","Tzu-Wei Lin","Lin","5.968421132940995","19","2000","CLE@BOS","BOS","CLE","","","",""
"20290-52168","3B","Colin","Colin Moran","Moran","18.700000762939453","2","2000","TAM@HOU","HOU","TAM","DL","Face","",""
"20290-12236","1B","Trevor","Trevor Plouffe","Plouffe","5.556962025316456","79","2000","TAM@HOU","TAM","HOU","","","",""
"20290-13262","OF","Jurickson","Jurickson Profar","Profar","5.23181811246005","22","2000","SEA@TEX","TEX","SEA","","","",""
"20290-80855","SS","Adrian","Adrian Sanchez","Sanchez","1.4538461245023286","13","2000","WAS@MIA","WAS","MIA","","","",""
"20290-52187","1B","Ji-Man","Ji-Man Choi","Choi","10.483333587646484","6","2000","DET@NYY","NYY","DET","","","",""
"20290-62433","OF","Orlando","Orlando Calixte","Calixte","4.420000076293945","10","2000","SFG@OAK","SFG","OAK","","","",""